antecedents,consequents,support,confidence,lift
Baby Wipes,Diaper,0.01586477029818842,0.17094511998970596,0.5358929845319702
