antecedents,consequents,support,confidence,lift
Lubricant,Condom,0.010828156431787856,0.5289484048838126,1.8729210127649865
