antecedents,consequents,support,confidence,lift
Drumstick,Chicken,0.011217160287316737,0.22933011466505732,0.36749951992131463
