antecedents,consequents,support,confidence,lift
Dog Biscuit,Dog Treat,0.010087147464489124,0.1754874651810585,1.170246566542205
Dog Treat,Dog Food,0.024428738077266178,0.16290420988407567,0.4399289117253632
